{
    "loss": 0.4373400807380676,
    "accuracy": 0.8965517282485962
}